content;score;sentimen
tolong bantu tidak cek riwayat transaksi menu aktivitas tidak fungsi muter muter loading tunggu jam jam tetep gak mbuka upaya sdh laku bersih chace data upgrade versi yg baru jaring bagus unistal instal ulang tetep gak hasil buka menu aktivitas mohon bantu minggu tolong dana baik;2;Tidak Bisa Dipercaya
instal apk mending mikir apk transaksi pakai jalan normal saldo hilang notifikasi bayar konfirmasi pin sya liat riwayat transaksi tidak tera bayar instal pikir;1;Tidak Bisa Dipercaya
suka bangettt aplikasi mudah guna depan transaksi aman sandi deteksi wajah aman transaksi aja sandi simpan otomatis verivikasi wajah nya lebihh aman;5;Bisa Dipercaya
data seluler pribadi muncul tulis tidak koneksi internetkoneksi internet terputuspadahal kuota gimana transaksi data seluler pribadi lagi tapi pakai hospotwifi;4;Tidak Bisa Dipercaya
hai min kasih verifikasi wajah udah kali coba cahaya terang lampu tetep sajah hasil nya nggak alas cahaya tolong perbaikin udah aplikasi dana mudah transfer moga mimin dana;5;Bisa Dipercaya
aplikasi dana parah tombol kirim teman tidak parah hapus instal hapus instal muncul menu kirim teman nya parah parah tolong baik program nya klu kirim teman ewallet gmna;1;Tidak Bisa Dipercaya
aplikasi gak bug cs gak becus sulit aplikasi data udah nya simple bikin ribet contoh kode otp gak kirim sms nomor aktif lapor ganti nomor sulit tidak rekomendasi aplikasi;1;Tidak Bisa Dipercaya
sdh nyaman pakai aplikasi initetapi saldo sdh kali potong complaincs ny bilang transaksi nya normalpin yg tausaya tdk klik tautantdk prnah terima otpdan transaksi hp sdg charge aplikasi nya letak sembunyi file yg jrg bukajd aplikasi buka tdk sengaja;1;Tidak Bisa Dipercaya
sih amantapi kala transfer hadap kn nya hilang koneksipadahal data kenceng wifitetap ajah susahmalah atur uninstal download bisainti nya mh susah koneksi lot;5;Tidak Bisa Dipercaya
udah sebenere aplikasi dana tu aplikasi dompet digital bagus cuman ya banget eror eror ga sedia alternatif media saran hubung cs bingung kontak cs medsos ga balas kalo emang antre pesan saran sedia fitur chat bot informasi antre cs guna harap terimakasih;4;Bisa Dipercaya
tolong bantu tidak cek riwayat transaksi menu aktivitas tidak fungsi muter muter loading tunggu jam jam tetep gak mbuka upaya sdh laku bersih chace data upgrade audah jaring bagus unistal instal ulang tetep gak hasil buka menu aktivitas mohon bantu minggu sedih;2;Tidak Bisa Dipercaya
kesini dana ngaco update parah bug gak tarik tunai alfamart krn gak muncul logo tarik tunai logo reward hilang atur profil gak muncul parah taransaksi susah lambat simpul gak update kalo ancur aplikasi;1;Tidak Bisa Dipercaya
error riwayat transaksi hilang transaksi tidak buka detail transaksi tf uang juta tiba error buka detail transakai chat ana admin langsung tambah bintang riwayat transaksi;1;Tidak Bisa Dipercaya
aplikasi bagus bantu transaksi bayar kendala alami kait bayar aplikasi spotify harap dana atas cepat lapor rasa balas pesan bot tidak masalah alami;2;Tidak Bisa Dipercaya
maaf bangetttt kasih bintang aplikasi bagus mudah transaksi kecewa uang hilang hilang tidak riwayat bayar apa hilang riwayat bayar ga mana uang kirim bayar aplikasi apa bayar aplikasi belah aplikasi dana uda coba kembali uang tidak uang harap depan aplikasi;2;Tidak Bisa Dipercaya
dana rasa sistem berat bugnya guna android bawah lot tolong developer baik guna android bawah apk dana nyaman terimakasih;4;Tidak Bisa Dipercaya
aplikasi nya ya jelek bangat kemarin keluh tidak respon sulit nomor hp sengaja coba login akun cepat tolong min keluh ttg lupa pin tsb butuh saldo pin tp dana sengaja tidak masuk akun payah banget kecewa aplikasi gak deh;2;Tidak Bisa Dipercaya
utk mudah transaksi aku bagus perangkat hp tidak download bukti detail transaksi riwayat aktivitas tdk buka udah coba sprti hapus cache update hapus reinstall apl ttp ga jd ribet klo nunjukin bukti transaksi krn bukti detail tdk buka;4;Bisa Dipercaya
apan bayar kali tarik saldo langgan bayar tarik kelar claim tari tarik saldo dah kali ya;1;Tidak Bisa Dipercaya
th kali kecewa saldo hilang lumayan lapor uang tidak dgn alas tidak penuh kriteria guna dana ptotaction apapin transaksi scan wajah pajang akun retas tidak bergunaterima kasih kekecewaanya;1;Tidak Bisa Dipercaya
susah upgrade internet bagus dokumen foto selfi koneksi internet aplikasi dana yg koneksi internet jelek aplikasi yg lancar ngobrol dg cs error coba bantu klo nggak uninstall update trus kualitas;2;Tidak Bisa Dipercaya
ga apa tibatiba kena hack ya saldo sih aman emg ga eh ktp nya masuk org kalo milik ngelakuin pindah dana notif pemberitahuan aman notif ga tibatiba ga premium bikin lapor lambat menit bales aja langsung putus koneksi ya gw ngetik anjir sabar ga sih agen kadang suka lot kasih tau nyambung nya yg tolol;1;Tidak Bisa Dipercaya
aplikasi dana skarang potonganbahkan topup aja potong dngan transaksi udah kena biaya transfer untk isi dana aja bayar nggak murah untk patongan kali ngisi saldo saran untk biaya transaksi nggak apaapa tpi klw rendah biaya biaya potong untk isi saldo dana klw nggak krna nasabah dana berat;2;Tidak Bisa Dipercaya
tidak loginsetiap pasu pin verifikasi wajahaplikasi nya mental terussaya carabahkan hapus aplikasi nya download berkalatapi tidak loginsangat kecewa tolong sangkut baik lagiterima kasih;1;Tidak Bisa Dipercaya
tidak buka riwayat transaksi muter update danamenghapus data sampi unistall nya baik tks;1;Tidak Bisa Dipercaya
gk upgrade premium alas aplikasi foto kualitas kamera bagus ana tidak guna bantu hapus aja bantu apk jelek kualitas nya tidak layak pakai bintang upgrade akun jd premium;1;Tidak Bisa Dipercaya
tidak upgrade dana premium lengkap data sesuai ktptapi tidak valid mohon jasa jelas saldo dana transaksi gak transaksi apapunsaldo hilang;1;Tidak Bisa Dipercaya
kurang bintang nggak login notifikasi jaring masalah jaring bagus reinstall nggak masuk notifikasi tolong baik konsumen tidak pindah apk;3;Tidak Bisa Dipercaya
akhirakhir dana tidak aman hilang uang gx transaksilangganan apa tidak langgan transaksi tampa pemberitahuan saran transaksi pemberitahuan;4;Tidak Bisa Dipercaya
ulang kemaren kirim saldo tidak kirim ndak kembali pemberitahuan ehh sekarangg tf no rek bank yg tulis sukses masuk rek tuju ehh malahh yg udah masuk duluan jam set lho sampe jam nggak ubah udah chat ana cs nya suruh hubung bank bang ecek rekening tdk riwayat transaksi yg nunggu banget baik selesai transaksi;2;Tidak Bisa Dipercaya
maka aplikasi muas ko notifikasi dana nya delay selesai transfer ga notifikasi notifikasi jam telah tolong baik apk nya biar tarik maka apk;5;Tidak Bisa Dipercaya
dana bug uang masuk dana buka nominal tidak liat wlaupun direfresh terus aplikasi dana buka liat nominal jengkel takut karna liat uang tidak bug aplikasi dana bikin pusing cepat tambah lambat tq;5;Tidak Bisa Dipercaya
aplikasi gak aman udah pakai dana saldo bayar gak pemberitahuan verifikasi guna mohon baik sistem aman saldo gk tau uang tidak;1;Tidak Bisa Dipercaya
duit ilang malam gitu bayar terabox aktivitas gak download terabox ditilep segitu solusi yg guna kalo pin saldo hilang cek email dana tidak keluar dana bulan;1;Tidak Bisa Dipercaya
susah udah usang buat pakai sim gimana solusi dana parah dana upgrade aja upgrade aplikasi;1;Tidak Bisa Dipercaya
tidak buka aplikasi paket data wifi aplikasi dana data buka aplikasi ganti perdana xl axis tri telkomsel indosat bawah tulis koneksi internetmu putus nih;2;Tidak Bisa Dipercaya
kecewa pas narik saldo dana pas liat saldo saldo gak pas cek transaksi transfer bukalapak gak ngapain gak transaksi apa buka lapak tp ko transaksi dri dana nya yg aneh lg gak ngapain potong tolong sistem;1;Tidak Bisa Dipercaya
ribet amatmasa pindah saldo aja susah harus upgrade premium saldo tahan aplikasi ininomor hp duabikin pusing aja nihyang non premium sulit transaksisaldo tahan saldo tahandi banget upgrade premiumnyesel banget gua download aplikasi;1;Tidak Bisa Dipercaya
aman dana sungguh tdi siang telpon mengatasnamakan dana paylatter panggil wa saldo lngsung kurang cek aktivasi transaksi masuk hotel murah pdahal ndak transfer otomatis motong saldo tuju yg akun aman;2;Tidak Bisa Dipercaya
nyesek banget tbtb uang potong gak masukin pin langgan apk konfirmasi masukin pin dlu gak sih kadang aja gatau klik langgan potong aja bayar nominal lumayan tbtb potong nya konfirmasi dlu minimal masukin pin langgan;1;Tidak Bisa Dipercaya
bingung daftar menjdi premium sya foto ktp wajah tpi mintak terang lgi pasport kk sim sya tidak pasport sim kk lebar jdi tidak nmpak jls karna ambil foto nya sgt tolong muda daftar uang sya jdi tidak ambil aplikasih dana;2;Tidak Bisa Dipercaya
gak gagal hbs gak buka ngalami pdhal minggu br buka gak bisaa gagal update yak buka;1;Tidak Bisa Dipercaya
semenjak fitur upgrade express pay bayar debit bni sayajadi susah transaksi karna upgrade express pay dulusedangkan gak upgrade karnakan no terdaptar bni nya rusak gak cs danagak tanggap lanjutpadahal fitur itusemuanya lancar jaya kendalakenapa beginihadeh;2;Tidak Bisa Dipercaya
teman transfer gopay dana status transaksi apk gopay hasil bukti transaksi apk dana saldo tidak tambah jam transfer apk gopay apk dana proses tidak menit pesan notifikasi gopay masuk wa nomor kait apk dana tolong selesai masalah sdh bolak pusat bantu nggak hasil jujur kecewa aplikasi dana;1;Tidak Bisa Dipercaya
lihat komentar kasus data tidak kendala koneksi tidak kecuali pakai hotspotwifi gak sperti tolong baik terimakasih;1;Tidak Bisa Dipercaya
riwayat batal ngga komplen cc ngga dpet solusi isi plsa transaksi yg ngga batal itupdhal transaksi udh habis tp ngga klik batalmau isi plsa nominal yg batal eh transaksi isi plsa jd ngga sumpah emosingga dapet solusisemua saran dri cs udh cobattp aja ngga;1;Tidak Bisa Dipercaya
buruk tdk muas rugi sy akun milik sy seseorg buka perangkat alhasil saldo sy hilang transaksi yg ay yg un instal kau dana ana apa moga lekas hilang dr playstore;1;Tidak Bisa Dipercaya
pkai dana ok upgrade premium timbul suruh upgrade ulang ulang ulang dg akun sdh dipakaiturun levelpremium gagal dll upgrade hasil coba coba layan yg baik utk kecewa ksh bintang aja krn kecewa;1;Tidak Bisa Dipercaya
ngatur aman aja gak kali kali cobak gk saran dana coba tpi ttep gk sayang sistem aman yg eror;1;Tidak Bisa Dipercaya
sistem buruk masalah payment qris transfer wallet coba riset akun tidak login karna sistem masalah;1;Tidak Bisa Dipercaya
benar suka banget mengunakan dana alat transaksi pengunaan nya mudah cepat alami transfer uang dana seabank transaksi hasil uang tidak masuk jam tunggu tidak uang yg masuk kecewa;4;Bisa Dipercaya
semenjak update ulang transaksi lot ngecek bayar susah buka apl tidak data nya internet cek lancar kendala apa transaksi hasil ikut lot bagi cek lapor hasil nya tolong ya min benah kualitas layan nya terima kasih;2;Tidak Bisa Dipercaya
semenjak terupdate akun kirim bukti transaksi lalod min sdh diupdate terbarujaringan stabil bagi bukti transaksi berputarputar loading tidak dana bagus dana sebelm terupdate dri yg skrng;2;Tidak Bisa Dipercaya
aneh gampang banget org login pake aman tetep duit gua ilang pas masuk gabisa transaksi aja sinyal lancar jaya hadeh tolong improve;1;Tidak Bisa Dipercaya
udah tahun menggunakany alhamdulillah ga kendala manfaat bantu trimakasih dana depan loading lambat ga harap maklum karna guna tambah juta klaien dampak pd servernya selebihy tdk good job;5;Bisa Dipercaya
semenjak diupdate performa aplikasi turun kendala lot contoh simple kelas hp gaming bagi hasil transaksi stuck loading cs devlpr dana keluh saran ganti koneksi jaringanhapus cache uninstall dll udah coba nihil komplain jawab gitu aja dana anak nama;1;Tidak Bisa Dipercaya
kendala investasi emas estimasi untung ga update harga pasar emas udah udah kontak cs ga solutif tampil ui nya total invest pas masuk beda hadeh;1;Tidak Bisa Dipercaya
buka aplikasi cek riwayat suka eror gak muncul listnya close app login berkalikali listnya aplikasi berat signal aman buka aplikasi jenis;1;Tidak Bisa Dipercaya
aplikasi jelek proses lot jaring kenceng device dukung lot tf lot bayar apa lot lot tolong baik kali tf gabisa klik nomor kontak tf alias ngelag tolong baik;1;Tidak Bisa Dipercaya
buruk dana coba masuk akun ku mudah sekalimalah transaksi tidak kenal tetep tuju alhasil saldo dana hilangminta kembali gk nyesel banget simpan uang dana suruh upgrade premium gagal mudah susah;1;Tidak Bisa Dipercaya
ya transaksi bagi hasil transaksi menu bagi nya tidak muncultidak bagi ribet screenshoot ngasih bukti transfer tolong baik sangan ganggu komplain live chat ribet nya ampun;5;Tidak Bisa Dipercaya
dompet digital transaksi pulsa mohon tingkat proses transaksi pulsa terkadang alami pemrosesan transaksi pulsa dompet digital proses transaksi butuh proses transaksi;1;Tidak Bisa Dipercaya
tulis untungrugi emas tidak sesuai aslinyapadahal untung tulis tulis total investasi emas jg beda halaman menu sayakalau menu total pas klik total voucher tidak berfungsipadahal minimal belanja udah sesuai kadaluarsa;4;Tidak Bisa Dipercaya
komplain main cs nelpon cs selesai komplain hubung nelpon komplain kasih data yg emaildi bilang salah langgan yg nomor yg daftar kirim bukti email kait minta no yg daftar al hasil ngurus komplain yg kali telpon cs selesai chat ana;1;Tidak Bisa Dipercaya
kayak aplikasi dana gak fitur notifikasi ya kalo uang masuk gak notifikasi fitur notifikasi hilang baru aplikasi hapus data restart hp kemarin gak buka riwayat transaksi;1;Tidak Bisa Dipercaya
saldo hilang klik link tidak terima sms telpon emang tidak layak dompet tidak selesai transaksi masuk pin sukses transaksi masuk pin admin tidak beres aplikasi;1;Tidak Bisa Dipercaya
aplikasi baguss tp semenjak update susah transaksi kalo pake kuota pake kartu indosat kuota tp kalo transaksi tulis tidak koneksi internet kalo luar susah kirim uang pake wifi transaksi;4;Bisa Dipercaya
aplikasi tolol tidak masuk akun nomor telepon tulis nomor telepon indonesia digit nomor telepon akun udah dipake provider kontak layan konsumen susah ga nomor email langsung ana ana ga akses kalo ga masuk aplikasi;1;Tidak Bisa Dipercaya
yah kendala proses coba ya nunggu upgrade premium sulit ya udah make dana thn sekian ganti id ktp ktp hapus upgrade ktp tidak daftar dukcapil cek dukcapil dekat nik aman aman aja sesuai verifikasi aplikasi bis;2;Tidak Bisa Dipercaya
yg pake apk hilang saldo juta tidak kompensasi dana transaksi yg ngga pake pin vermuk tp transaksi hasil yg kecewa aman tp bobol orang ngga kasih kode otp macam yg bau tipu;1;Tidak Bisa Dipercaya
haduh malem jam an transfer temen ngak tolong baik apk ny tulis ups tidak internet coba ya paket teman kirim tolong baik terimakasih;1;Tidak Bisa Dipercaya
download aplikasi pikirpikir susah upgrade tidak premium susah segi bayar tranfer pakai beli pulsa token layan atas buruk upgrade premium tidak jelas kirim email telfon cs nya langsung tidak bagus;1;Tidak Bisa Dipercaya
kecewa sdh transaksi beli token listrik nomor token tdk jg kunjung komplain chat ana tdk progres komplain telpn cs jg tdk follow up mohon ganti rugi beli token listrik;1;Tidak Bisa Dipercaya
buruk tidak upgrade premium udah aja coba berkalikali tetep ga data nay sesuai ktp tetep aja salah klik ga tau kesalahanya mana udah ulang tetep gitu udah coba hapus data apk nya saldo kurang apk sampah udah install apk ni apk wallet bagus mending langsung pakai banking aja;1;Tidak Bisa Dipercaya
isi email reksadana daftar tidak tekan sulit cantum email keyboard tidak muncul bug moga baik;4;Tidak Bisa Dipercaya
aplikasi uang digital the best sngat manfaat tinggal safety kirim klo no tidak daftar dana gak bsa trima transfer bgtu untung no sendri yg nya hehehhe oya abis upgrade gak bsa buka danapoly langsung mental aplikasi nya;3;Tidak Bisa Dipercaya
saldo potong otomatis tahu sayapadahal ga meng aktif bayar otomatis parah gak pemberitahuan dana udah sya setting verifikasi pin kalo transaksi gmna aman ny;1;Tidak Bisa Dipercaya
susah update dana premium nya pakai ktp engga coba opsi pakai sim input data saldo uda potong tp pas tf engga suruh upgrade dana premium gimana apk nya mudah tp susah komplain cs selesai cakap solusi obrol tinggal ngulang engga;1;Tidak Bisa Dipercaya
gmn yak ko login pakai no yg aktif no indo no tp gk login muncul tulis periksa no hp km no indo yg bener update nomor prabayar indonesia dikiria no indo kocaq;2;Tidak Bisa Dipercaya
saldo tibatiba potong rp ga transaksi tolong banget balikin saldo verifikasi akun tibatiba potong verifikasi langgan apa ga;2;Tidak Bisa Dipercaya
saldo rb tidak transfer siapa pas ambil uang nya tidak hilang transaksi tranfer retas pakai yg premium double aman kaya gin kecewa aman gin kecewa berat;1;Tidak Bisa Dipercaya
kasih bintang karna dana yg klo buka lot banget gak kaya langsung cepet buka hp ram internal gede heran nya buka dana serasa lot banget yg bikin lot karna dana klo buka muncul gampar animasi yg gerak nya lot update nya enak lot kembang aplikasi tolong aplikasi dana gerah baik guna enak;3;Tidak Bisa Dipercaya
upgrade premium susah gantinke nomor susah top up gampang tp dipake susah uang perangkap sdh coba upgrade gk gk cs yg bantu kapok pakai dana;1;Tidak Bisa Dipercaya
update terakir bug aplikasi dana aplikasi jalan latar belaka hp lot cepat panas batrai cepat habis ngerasa hp cepat panas batrai cepat habis hp lot cuba henti paksa aplikasi dana unistal aja;1;Tidak Bisa Dipercaya
tidak bantu layan data update paksa henti ku laku restart hp tidak dana mudah sulit ginakan;1;Tidak Bisa Dipercaya
tolong baik min udah ga transaksi transfer bank habis klik bayar muter muter kayak nggak sinyal sinyal penuh kemarin habis update aplikasi opsi tarik tunai nggak;4;Tidak Bisa Dipercaya
kecewa berat udah kali transaksi buka menu aktvitaschatbot gk bisapusat bantu gk buka eror apk inimening uninstal aja menuhin memori doang;1;Tidak Bisa Dipercaya
berturutturut lapor tidak upgrade premium kirim data foto ktp kk selfie tidak selesai cs lempar tim resolusi tidak jelas progress problem solving klaim muncul page help center tidak muncul apaapa tidak niat iseng canda dana anggap ganggu;1;Tidak Bisa Dipercaya
tangan selesai lambat keluh tutup akun qr bisnis hasil muas acap kali komplen suruh lihat pusat bantu layan buruk selesai etik balas menit cepat alias customer service tutup chat obrol saking minim selesai inti buruk lambat;1;Tidak Bisa Dipercaya
aplikasi dana mudah transaksi transfer via bank top up walet transaksi qris guna puas aplikasi kadang kendala jalan normal sayang tidak nikmat fitur dana dana cicil;5;Bisa Dipercaya
aplikasi burukuang beku tidak transaksi apa berualng kali upgread tolak tidak cs yg tidak solusi apa uang lumayan tidak transaksi tolong baik guna;1;Tidak Bisa Dipercaya
pake aps transaksi apa lancar bagus kalo top up money loading masalah terupdate saldo masuk nya tuh butuh tolong ya saldo mohon proses karna masuk kartu money nya kemarin;3;Tidak Bisa Dipercaya
sinyal bagus suka lot loadingnya lumayan makan tolong perhati server systemnya bantu ekonomi guna tolong tambah fitur pinjam dana tambah lg guna thanks;4;Bisa Dipercaya
overall aplikasi ok uinya lumayan lot pas masuk kategori cuman aneh dana jalan latar sampe makan cpu kasih bintang dlu;1;Tidak Bisa Dipercaya
download dana isi saldo buka aplikasi tulis koneksi internet putus data aktif buka aplikasi kalo kaya gin gimana ya kak udah kali hapus buka dana tetep gak masukin no hp;5;Tidak Bisa Dipercaya
bagus sekalisy apk dana transferbeli paket databyr mudah pokok top dah syg nya sy fitur dana cicil;4;Bisa Dipercaya
ko lot alias lola bin lambat sih aplikasi nya cek saldo terang koneksi internet hilangterussss buka aplikasi paylter nya aja gak kenadala ko aplikasi dana koneksi internet hilang terang nyamohon bantu tunjuk nya ka;3;Tidak Bisa Dipercaya
coba ganti nomor dana hubung google tp top up game tambah metode bayar google play nomor dana yg ganti muncul terusapanya yg salah;4;Tidak Bisa Dipercaya
bantu transaksi screening ketat account tidak baiktidak tipu tipu ditarikaleh itubelum berani top up;5;Bisa Dipercaya
edit dana yaa gabisa liat detail transaksi jdi susah kalo kirim uang krna transaksi nya gabisa buka muter aja loading gitu tolong dana baik ngadu ana loading gitu udah minggu ga ubah update udah instal ulang udah hapus data udah hapus chace udah baik mslah tolong delover lirik;1;Tidak Bisa Dipercaya
aplikasi bagus nya transaksi bantu update nya lot buka aplikasi lambat alias transaksi kesel nya;4;Bisa Dipercaya
dana error coba dana temen ga ganggu sekalikalo transfer uang temen tulis muncul tidak jaring ku coba pakai wifi data paket tetep gajadi aneh aneh jadi yg teman;1;Tidak Bisa Dipercaya
jelek problem jaring sistem terkadang sulit bukti kirim sulut proses transaksi bug transaksi gagal tau hasil kirim kali;1;Tidak Bisa Dipercaya
update versi baru yah bayar gagalditolak saldo nya bayar gak nyesel gw update aplikasi mending versi lancar gak bug nya versi baru;1;Tidak Bisa Dipercaya
saldo dana potong trs izin pake sandirugi bgt niat beli pulsa potong sm bayar jlssya langgan aplikasi apapunbahkan ga instal game free fire bayar fftolong uang lohjgn potong seenaknyalama gua pindah aj apk bayar;1;Tidak Bisa Dipercaya
dana gak jelassaya beli paket kuota dana tampil menu nya ga muncul alias stuck beli dana aplikasi nya langsung ngestucktidak muncul menu membayargimana aduhh kecewa bangetudah hapus cache min playstorenya ga update udah;3;Tidak Bisa Dipercaya
paket data jaring kenceng ga buka aplikasi nya jaring putus uang hilang sedikitsedikit aplikasi ga recomend banget aplikasi busuk;1;Tidak Bisa Dipercaya
dah jaring full data paket cepat udah tulis koneksi internet mu putus nih masak pake wifi akses aplikasi dana wifi nya lot udah gila kah keluh yg kalo gak percaya wa mu min biar ku screenshot kirim;5;Tidak Bisa Dipercaya
apk dana tidak transaksi no dana terang jaring tidak adapadahal jaring bagus beli transaksi dana tolong baik;1;Tidak Bisa Dipercaya
aplikasi mudah ngeleg kadang kirim dana kadang gak kirim gak fiturnya bosen gue hapus data login biar muncul fiturnya;1;Tidak Bisa Dipercaya
kayak aplikasi main tk tidak rekomend kualitas aplikasi upgrade premium jam akun daftar saran upgrade premium rawan aplikasi bintang bagus upgrade tok;2;Tidak Bisa Dipercaya
masuk muncul kamera qris kudu masuk gak buru qr nya dipake transaksi gak butuh pin aman ajah;2;Tidak Bisa Dipercaya
bagus ketik nama kirim dana eh ketik nya kali kali tolong baik tulis nama ketik nya ulang kali trus tulis huruf kayak pencet nya gin tttttttttttttt;4;Bisa Dipercaya
baru lot yaa aja minta akses lokasi terus muncul buka aplikasi gak nyaman banget kadang lg karna mepet minta akses lokasi muncul ganggu;2;Tidak Bisa Dipercaya
salam aplikasi dana bantu mudah simpan uang mengirin uang mana batu masyarakat aplikasi sukses jaring nya mantap kirim cepat itungan detik biaya sukses;5;Bisa Dipercaya
bayar tagih wifi dana tgl status on proses dana tidak kembali wifi mati hambat sekaliiii skrg chat ana bot semuaa pdhl dana tolong fast respon tangan customer;3;Tidak Bisa Dipercaya
aplikasi tidak buka baru masuk otomatis install ulang masuk no hp verifikasi pin otomatis akun saldo emas tidak akses;1;Tidak Bisa Dipercaya
lapor rincian saldo transaksi nya data transaksi nya buku saldo terakirnya lapor transaksi saldo nya cantum;4;Tidak Bisa Dipercaya
aju lapor sore transfer bri dana salah nomor tuju asal transfer si transfer dana si nomor si mati tidak aktif inti cs dana tidak bantu alami sayang revisi regulasi sisyem;1;Tidak Bisa Dipercaya
tarik dana bisnis susah gagal karna alesan aman udah tidak tarik jawab tunggu notifikasi kerja kerja sampe skrng blom transaksi tarik pindah aja belah aplikasi qrisnya mudah tarik;2;Tidak Bisa Dipercaya
bantu penggunaanx mudah smga tingkat keamananx spy tdk atw tdk mudah yg tdk tanggung penggunax nyaman krn aman;5;Bisa Dipercaya
sistem keamananya gimana pakek veritikasi wajah kode pin akun bajak saldo hilang transaksi pakek veritikasi wajah sistem keamananya;1;Tidak Bisa Dipercaya
kecewa saat lg butuh dana cicil ga sllu transaksi mengunakan dana ewalet dacil pajang aja menu ning hapus aja dacil;1;Tidak Bisa Dipercaya
logoutnamun login nya susah banget jengkel perlu dana tidak cepat merespon login ku tolong bug nya kondisi logout tiba susah login nya verifikasi wajah nya tolong benah kecewa;5;Tidak Bisa Dipercaya
maaf ya kasih bintang bagiin bukti transaksi bgt loading nya jdi praktis kalo screenshot trus kalo buka aplikasi bgt pake data wifi klo yg udah oke;3;Tidak Bisa Dipercaya
tolong dana klok udh ganti hp kartu nya ilang payah urus gada pilih kode otp gmail pilih whatsappsama sms ga kayak aplikasi belah tingal konfirmasi gmail yg kait udah langsung;5;Tidak Bisa Dipercaya
niat bayar layan pdam aplikasi saldo sy laku top up via aplikasi mobile banking bni top up tidak masuk saldo transaksi tahan gagal uang yg hasil top up gak mana chat ana tidak solusi apa robot uang sya rating bintang;1;Tidak Bisa Dipercaya
makasih tanggap tp aja app dana lambat buka muncul nya jg masuk menu pake jaring seluler wifi aja sdh say instal ulang app ecomerce yg byk tumbnail video mlh cepat;2;Tidak Bisa Dipercaya
kecewa aplikasi dana suruh lepas ektp akun premium ganti akun lepas ektp akun premium upgrade akun tidak hasil chatbot tuju upgrade tolak tidak bantu butuh akun baru diupgrade premium uang masuk transfer rek bank butuh;1;Tidak Bisa Dipercaya
aplikasi buruk saldo hilang tidak transaksi terang aktifitas bahwasannya yg transaksi yg curiga saldo lenyap tanggal lapor nunggu proses lihat aja saldo tidak tidak hapus aplikasi aplikasi aman buruk;1;Tidak Bisa Dipercaya
gatau kenpa ya banget dana terkadang gabisa gunain tf wallet banget salah nih salah sistem silah coba tidak tanggung nya banget urgent sulit udah kasih percaya pegang uang konsumen nya sistem nya jelek banget internet abis beli internet pakai wifi tetep gabisaa huh cape;1;Tidak Bisa Dipercaya
updated developer dana tolong aplikasi periksa jd boros banget ya nyala hp sampe menit udah nguras baterai hp pantau guna baterai yg atur hp guna dana baterai hp awet loh jd selesai pakai solusi mati paksa aplikasi tolong baik;1;Tidak Bisa Dipercaya
mudah transaksi sulit kirim dana update versi baru mohon baik yg hadap terima kasih kasih bintang full nya bantu pecah hadap;4;Bisa Dipercaya
knp kayak gin banget contoh nya bayar tidak muncul kayak gk internet nya pas cek internet nya aman aja pas udah muncul bayar nya orang ber transaksi udh tunggu kayak gitu;5;Tidak Bisa Dipercaya
pas beli pulsa kouta beberpa kali tidak masuk bayar nya hasil gimana bayar nya hasil pulsakouta nya tidak yg masuk;2;Tidak Bisa Dipercaya
top up dana terang transaksi bank masuk hasil masuk dana berharihari uang tahan dana transaksi hasil sayang uang jdi hilang tolong jalan keluar sdh lapor bank uang masuk akun transaksi yg masuk akun;1;Tidak Bisa Dipercaya
kecewa aplikasi inijadi linglung bayar bisamalah arah upgrade kepremiumkuikuti upgrade muncul notifikasi upgrade minggu iniuntuk tidak diupgrade kecewa bangat;2;Tidak Bisa Dipercaya
bagus bangett udah top deh sayang nya kaya bug gitu gatau sih benernya gimana nyimpen uang goals ku otomatis pake sandi pas ambil pas ku ambil ngga kaya salah gitu sandi dah bener loh ganti deh sandi ku;5;Bisa Dipercaya
aplikasi dana busuk bangettttttt jaring super bagus buka aplikasi dana tidak koneksi jaring jelek bangettttttt habis update tidak buka pokok jelek uninstall pakai aplikasi ovo yg bagussssssstolong baik dana bgt bug;1;Tidak Bisa Dipercaya
pake aplikasi udah trlanjur pake silah abisin saldo uninstall akun ku blacklist tiba alas lapor penyalahgunaan verifikasi tim akun bayar transfer bank top up woi admin balikin akun tidak guna kelap dana costumer ratus ribu doang orang butuh blacklist;1;Tidak Bisa Dipercaya
kak ya bayar tagih listrik hasil transaksi proses saldo potong jalan lapor info kak problem aman aman mohon baik info cepat kak terimakasih;4;Tidak Bisa Dipercaya
admin tolong update donk transaksi pake paket data susah transaksi wifi terang nya gak koneksi internet jaring data on lancar mohon baik;3;Tidak Bisa Dipercaya
admin ana cs tidak buat apa nggak kehilangab saldo tidak privasi yg gua mudah solusi dri admin ana kecewa;1;Tidak Bisa Dipercaya
aplikasi banyak fitur sampah pakai tahun gak feedback nya danapoly kek reward kek iklan doang nyampah hp gua hadiah sampah pura untung emang cocok transfer terima uang doang gak fitur yg mah mending gopay mana misi gk ribet ngasih saldo misi gak pake ribet pakai gopay brp dana sampah;1;Tidak Bisa Dipercaya
eror transaksi cs tidak merespon keluh suruh tunggu jam bulan tidak info tidak langgan apple apps saldo potong apple pay pake android tolong baik sistem nya oknum nakal basmi;1;Tidak Bisa Dipercaya
keluh dana premium pake prangkat samsung prime tidak kirim dn menu profil sbagian tidak muncul cek tidak kalo pindah hp normal knapa ya;4;Tidak Bisa Dipercaya
potong pas top up alfamart nominal top up kelipat top up kirim otomatis saldo kurang tidak transfer nambah potong sisa uang tidak tarik tunai alfamart maksud gimana tau mending pakai ovo aja dah mending banking aja;1;Tidak Bisa Dipercaya
gimana sih topup dana banking bni hasil saldo bni udah potong tp aplikasi dana saldo gak chat ana gak suruh kirim bukti lampir dgn format eror teruslewat email gak gimana;1;Tidak Bisa Dipercaya
aplikasi udah bagus fiturnya lengkap mudah sayang limit bulan capai tidak transaksi terima transfer uang teman mohon dana limit bulan terimakasih;3;Tidak Bisa Dipercaya
aplikasi kalo transaksi masukin pin nya sy langgan instagram itu yg tidak langgan instagram kena potong tahu yg bener bijak nya;1;Tidak Bisa Dipercaya
tolong baik beli token nomor token tidak muncul transaksi tidak batal bikin rugi kak uang mudah cari;1;Tidak Bisa Dipercaya
alami sulit login lupa pin berkalikali verifikasi wajah gak hasil mohon bantu login ntar edit kalo menggunankannya terimakasih ga dipake langkah langkah saran hasil nihil;1;Tidak Bisa Dipercaya
biaya cicil ga pake cs ga hubung nomor kecewa klo ga yg telp info lambat mgkn ga tau cicil;3;Tidak Bisa Dipercaya
aplikasi dana tidak pakai datahanya pakai wifi sajasudah tidak bisadi hapus cachedi instal ulang tdk bisaterakhir bantu cs tidak memuaskansuruh hapus cache doangsungguh kecewa;1;Tidak Bisa Dipercaya
aplikasi curi uang sy sedot kali tulis bayar nila dlm rentan dr jam siang malam total an lapor ana yg tidak kunjung refund dana aplikasi tipu curi makan uang orang;1;Tidak Bisa Dipercaya
si apk dana tidak koneksi internet jaring stabil buka youtube aja apk tidak koneksi internet tf aja susah tolong baik donk kualitas nya biar konsumen nyaman ga pindah apk belah;2;Tidak Bisa Dipercaya
upgrade dana ga mulu dah nunggu ga upgrade pas upgrade bilang upgrade nya gagal mulu ktp;1;Tidak Bisa Dipercaya
udah jadi saldo potong transaksi yg tidak kenal udah komplain cs ana bayar lewat ferivikasi ga ngelakuin transaksi kalo liat aplikasi lindung gapernah ngelakuin transaksi trus kalo liat riwayat yg yg emang bener sya yg transaksi terang akse hp realme kalo transaksi yg tidak kenal ga terang akses;1;Tidak Bisa Dipercaya
developer ubah pin dana gk pake bluetooth masuk nya banget loding dana yg yg yg ganti pin sandi dana gampang banget langsung update apk dana ubah pin sandi dana susah banget hidup lupa sandi dana nya udah aktif bluetooth loading banget;4;Tidak Bisa Dipercaya
dana ngak lepas status premium susah ganti no hp susah hapus akun susah proses mutermuter tolong dana fitur ubah nomor hapus akun sedia dang yg mudah;1;Tidak Bisa Dipercaya
mesik data nya nyala normal buka app dana notif sambung data terputustidak transaksi apa mohon baik orang pake app dana;2;Tidak Bisa Dipercaya
bantu opsi opsi robot ana cs dana tidak suruh sambung cs asli muter muter kendala isi pulsa token saldo listrik sdh potong saldo kode token tidak muncul riwayat transaksi saldo sdh potong suruh transaksi eh pas cek dana blm gmna bantu nya parah bener cs bantu ampun;1;Tidak Bisa Dipercaya
sumpahbuat pake aplikasi dana transaksi bagus gak pake apk inikarena udah ngalamin top up rb gak masuk atm gak masuk saldonyapadahal struk atm ny saldo atm potong gak masuk saldo akun danajadi yg pake apk bagus henti aja ngalamin yg akuuninstal aja apk dana;1;Tidak Bisa Dipercaya
mudah kalo biarpun awal bayar admin nya sekian habis gratis tf murah note jngn sulit yah kalo bnyak yg pakai layan app terimakasih;5;Bisa Dipercaya
kali saldo potong aju kembali dana respon tolong motong motong dana kayak gitu verifikiasi langsung motong saldo kayak gitu biar gak kayak aplikasi tipu;3;Tidak Bisa Dipercaya
ratingnya bintang udah gamau pakai dana ga guna sekaliterlalu bodoh percaya saldo aplikasi dana saldo kurang ga transaksi apa yg lakukankatanya akun aman pakai mudah transaksi yg tuju pin;1;Tidak Bisa Dipercaya
berkalikali coba mengupgrade dana premium tidak data sesuai coba meupgrade aplikasi dompet digital tidak menit langsung tolong baik;1;Tidak Bisa Dipercaya
kesel apk inisering banget error ga kirim uangpadahal wifidata udah pakai aja ga bisadibilang intermet tidak sedia udah bbrp hhari nyoba aja ga;4;Tidak Bisa Dipercaya
top up bni mbanking saldo gk nambah kirim sukses tanggung devloper aplikasi rugi saldo tidak isi malam aplikasi sakit;1;Tidak Bisa Dipercaya
kecewa banget dana saldo kurang tidak transaksi tibatiba dapet notifikasi support cartoonmagicbox transaksi hasil tidak transaksi tidak buka situs;1;Tidak Bisa Dipercaya
aju ganti karna hp hilang syarat penuh harus nya dana layan adu versi whatsapp live chat robot tidak erti kendala alami;5;Tidak Bisa Dipercaya
apk rusak saldo bobol sulit pas clir lapor menu utama gk ad jelas gmna terus nya saldo hilang make ni apk tpi kecewa aman nya gk ketat;1;Tidak Bisa Dipercaya
salamhangat developer danamaaf transaksi token listrik status hasil tidak nomor tokenkarena teman slekyaa seberapanamun harga sayasecara pribadi kecewa serasa tipu ntah salah lainstatus transaksi hasil nomor token tidak terteramuat ulangdan uang tidak;1;Tidak Bisa Dipercaya
jelek minimal transferkirim minimal nya rb rugi hilang jdi tidak kirim saldo mesti dibutuhkandibawah minimal tolong banget hilang pribadi;1;Tidak Bisa Dipercaya
semenjak aktif akun bisnis saldo tidak pindah verifikasi wajah gagal pindah saldo akun dana pake verifikasi wajah has sampe saldo tahan ribet bank;1;Tidak Bisa Dipercaya
dana tidak bagusakun premium login dana kirim uang tidak cek profil akun premium gagal kali kirim uang tarik uangtiba akun premium gagal;2;Tidak Bisa Dipercaya
guna mending mendownload dana deh tar nyesel kaya hilang trus ntah mana sedot top up ga masuk trus menit langsung hilang ntah mana pokok guna mending download ni aplikasi deh ntar hilang saldo otomatis ga transaksi apa hilang;1;Tidak Bisa Dipercaya
upgrade dana premium ga kali pakai dana terang ktp pakai upgrade tidak verifikasi wajah sayang banget coba aplikasi gin hubung customer service penuh kasih bintang aja next kasih bintang;5;Tidak Bisa Dipercaya
tolong baik layan langgan tidak kabur dana kenal mudah cepat kali ganggu kemaren beli token listrik transaksi hasil tidak no token yg beli karna fitur aktifitas riwayat tidak buka jaring karna aman karna besok beli hasil token klo udh gagal masukin;3;Tidak Bisa Dipercaya
fiturnya lengkap cuman sayang akhir pakai apk dana masuk lumayan loading ya kadang butuh cepat akses bayar aja si lebih bagus;4;Bisa Dipercaya
update gak login akun verifikasi otp nomer tidak aktif daftar pake nomer aktif pemidahan akun saldo akun hilang tidak tindak buruk layan;1;Tidak Bisa Dipercaya
dah pake dana transaksi beli pulsa voucher listrik dll isi voucher listrik nomor token nya tidak muncul nya ga refresh kali kali lapor muncul nomor token nya mohon bantu nyaa;4;Bisa Dipercaya
apk nya bagussudah pakai ga hp apknya kali uninstalterus instal ga munculhp direstart berkalikali ga muncul;5;Bisa Dipercaya
overall bagus sih dana tuh cuman ya buka aplikasi ngeloadnya laammma pas transaksi gabisa ajak satset aplikasi haha bugsnya mohon baik berat;3;Tidak Bisa Dipercaya
aplikasi dana gabisa andal bangke iya saldo potong jajan minggu coba tempat pkl gada konfirmasi verifikasi kayak pin ilang coba kalo bikin aplikasi tuh ketat iya udah hilang saldo langgan gak wajar konfirmasi tahu moga developer sadar baik biar gak jebol udah kembang;1;Tidak Bisa Dipercaya
udah upgrade premium eh blg gagal pas mindahin blg tidak ganti nomor nomor yg nomor daftar dana make nomor data curi kah inidana ga amanbisanya kecewa adminnya feedback tanam sana;1;Tidak Bisa Dipercaya
kali kecewa berat dana uang abil transfer aplikasi google play tidak langgan tibatiba uang rp transaksi hasil gismart download aplikasi langgan tagih aplikasi dana potong langgan dalang jadi miris tidak tau uang aman dana binatanggggggg;1;Tidak Bisa Dipercaya
kesini aplikasi dana ribet login otp no nya hangus whatsapp tidak daftar pin verif muka otp gmna otp no nya hangus;1;Tidak Bisa Dipercaya
aplikasi gg rugi transver tidak nyaman lelet bner aplikasi bner gg jlas rugi klo dana uang udah gg buang nih apk sayang juta yg bikin kecewa uang gg kawan hati apk yg bobrok;1;Tidak Bisa Dipercaya
udah pakai dana kali masalah update ga tf pdhl kuota gede isi pas klik langsung muncul ups tidak koneksi internet versi chat cs aja ga;4;Tidak Bisa Dipercaya
guna dana yg udah gak kasih otp sandi akun aja saldo hilang sakit kali tolong tingkat lg aman udah moderen pakek digital;2;Tidak Bisa Dipercaya
ga kasih bintang nya save uang dana aman aja auto debit saldonominal yg lumayan transaksi merchant yg ga telusur inbox email ga pesan yg transaksi ga langgan merchant tsb;2;Tidak Bisa Dipercaya
kirim tidak detail kirim aktifitas pengirimanya jg tdk screenshot hasil kirim bukti update tolong bantuanya;5;Bisa Dipercaya
versi baru yg hilang menu reward tidak profil menu menu flash sale tidak muncul tolong baik guna nyaman fitur;1;Tidak Bisa Dipercaya
aplikasi tidak aman coba transaksi orang tidak otomatis blokir bobol hack orang pakai sistem banking coba gagal otomatis blokir tidak costumer service tangan komplain keluh;1;Tidak Bisa Dipercaya
saldo dana kuras tuk bayar yg tidak laku transaksi yg sama gimana solusi pakai aplikasi sdh sll aman tuk transaksi tp cek saldo dah habis tidak beli apa bayar apa dana ana gk jawab;5;Tidak Bisa Dipercaya
sumpah tidak aplikasi saat darurat bayar pending kembali saldo butuh aplikasi wallet bobrok layan aplikasi error hati transaksi heyyyy playing victim;1;Tidak Bisa Dipercaya
selesai transfer menu masuk sandi alhasil bom terinput sandi masuk sandi transfer sungguh sial bug aplikasi nya rilis;1;Tidak Bisa Dipercaya
abis top up skitar saldo hilang riwayat transaksi mytelkomsel padahall tidak transaksi apa kalo transaksi verifikasi wajah dululah hilang pemberitahuan apa;1;Tidak Bisa Dipercaya
terima kasih pda aplikasi aplikasi jadi saldo hilang transaksi tidak suksesaneh pdahal pakai pin transaksitapi transaksi sukses tahu raib saldo sayapdhal dana protection jamin saldo tidak jamin saldo;1;Tidak Bisa Dipercaya
diupdate habis transaksi gak bagi bukti struknya loading screenshoot fitur bagi bagus lambat;3;Tidak Bisa Dipercaya
aplikasi bagus manfaat baru ga layar atur aplkasi fungsi bantu;5;Bisa Dipercaya
upgrade dana premium ga sengaja arahin hp muka gagal tidak coba upgrade dana premium hubung customer service suruh tunggu menit habis coba tidak aman bagus rugi patut upgrade dana premium sulit mohon pertanggungjawaban transaksi sulit aman;2;Tidak Bisa Dipercaya
dana tolong masak tidak upgrade premium coba pakai ktp buram gak pakai dokumen sim isi data data kabupatenkota nya kab lombokkota surabaya data sesuai dokumen kabupaten malang tolong baik;1;Tidak Bisa Dipercaya
uda tolong ana gabecus suruh agent ngetik gabisa ngirim foto kasih tulis error uploading dana bikin customer nyaman make aplikasi ga si upgrade premium aja susah;1;Tidak Bisa Dipercaya
udah minggu akun dana kaga login pake jaring udah pake wifi rumah aja koneksisemua metode coba aja gak login saldo dana jaring ko sampe minggu minggu;1;Tidak Bisa Dipercaya
aneh banget update detail terima detail transaksi sembunyi mudah tipu edit bukti tf nya pas klik banget jaring lancar;1;Tidak Bisa Dipercaya
cs nya ga banget nih complain cari solusi ya coba complain ulang kali tetep aja hasil gada tuh solusi upgrade premium kaga knp woiii ktp fisik lu gua idup pake ktp ghoib tolong gua upgrade premium jan ribet in;1;Tidak Bisa Dipercaya
tolong adminya knpa ya pas masuk dana pake data tulis tidak inter internet masalah kuota pas pindah wifi bisatolong baik terima kasih;4;Tidak Bisa Dipercaya
parah bgt update sampe uninstal ga login gimana dana tolong baik udah dana premium jaring wifi bagus tp jd pas login guna dana kabur kalo loading aja sampe puyeng liat nya;1;Tidak Bisa Dipercaya
tolong tidak transaksiisi pulsa pakai data sinyal nya bagus aja buka aplikasi laindan aplikasi dana nya transaksi pakai jaring wifi;1;Tidak Bisa Dipercaya
tidak bagi bukti transaksi udah coba logout hapus instal ulang hapus cache aktifin izin dll tidak bagi bukti tolong baik developer aplikasi pakai hp iqoo android;2;Tidak Bisa Dipercaya
lapor aja susah hubung cs nya nomor whatsapp yg tuju tidak temu mohon utama layan customer service karna hubung by phone berat sedia pulsa telpon tidak pulsa minimal butuh pulsa ekstra orang berat tidak niat bantu konsumen gak bikin layan langgan;1;Tidak Bisa Dipercaya
udah tau kalo aplikasi transaksi uang smpe pemberitahuaniklan yg kadang kirim prakira cuaca kadang lebay bayang gak sih top up saldo dioutlet kmudian lega uda masuk krna ad pemberitahuan buka apk dana eh kecewa mas utuh masuk karna pemberitahuan iklan yg gak nada nya alam real tolol;1;Tidak Bisa Dipercaya
bisa saldo hilang kalidengan jarak singkat tolong tarik masuk akun saldo trimakasih karna tidak transaksi aman aja ya sampe tahun apk dana nih;1;Tidak Bisa Dipercaya
uang salah kirim tidak nomor tuju tidak aktif uang mana aplikasi dana tidak fitur otomatis kembali nomor tuju tidak daftar dana akalakalan cuan ya aplikasi uang kirim nomer yg tidak daftar danasalah ketik mikir pasang aplikasi aplikasi jamin aman uang;1;Tidak Bisa Dipercaya
aplikasi susah liat cek detail transaksi lot bgt ga baharu lot;1;Tidak Bisa Dipercaya
tolong min transaksi gitu aja isi saldo tiba saldo kurang transaksi tidak izin akun aneh banget aman aplikasi harap tidak;1;Tidak Bisa Dipercaya
uang lanjur masuk dana suruh upgrade premium diupgrade ktp pakai suruh pulih akun nomer cantum tidak daftar nomer telepon solusi uang tarik upgrade premium pulih;1;Tidak Bisa Dipercaya
upgret premium nggak tanggapisebelumnya transaksi lancar masuk saldo nggak transaksi upgrde ktp masuk premium pending yg sya laku;1;Tidak Bisa Dipercaya
bantu lancar tidak kendala beli pulsa listrik pln terkadang stok pulsa habis transaksi oke tidak hambat ganguan harap depan layan nya optimal tahan;5;Bisa Dipercaya
kecewa sekian pake dana akun nya bobol orang saldo ambil dana ngga bantu balikin saldo sistem aman nya ngga percaya ngga lagi deh pake dana;1;Tidak Bisa Dipercaya
ya icon aplikasi tidak muncul menu pas cari playstore terang langsung buka aplikasi aplikasi terinstal pas klik buka aplikasi otomatis masuk akun;3;Tidak Bisa Dipercaya
aplikasi urgent susah masuk lambat buka hilang layan yg dalam masuk akun transaksi tolong baik layan nya masuk transaksi tidak hambat;3;Tidak Bisa Dipercaya
sekian ewallet indonesiahanya dana susah upgrade premium ewallet ovogopay shopeepay upgrade tidak belit belit ewallet dana rating wakil kecewa kelola dana;1;Tidak Bisa Dipercaya
tolong baik mengguanakan dana viz otp kasi yg kartu nya tidak pakai gak terima kode otp tolong baik pakai dana viz kode otp bikin susah login dana transaksi tolong baik terima kasih;2;Tidak Bisa Dipercaya
apk bug nya login akun abis masuk nomer verifikasi wajah eh masuk nomer sadah coba berkalikali berharihari tetep apk nya versi baru tolong baik bug nya sinyal pada kali notifikasi sinyal tidak pada apk aneh nih;1;Tidak Bisa Dipercaya
riwayat simpan tidak konsisten ecek november riwayat januari milik bukti transaksi desember buka aplikasi iklan pop up menganggu aplikasi transaksi;2;Tidak Bisa Dipercaya
kirim uang jaring bagus buang koneksi tidak transaksi kalo udah gak nampung apus aja apk nya kaga nambah berat;1;Tidak Bisa Dipercaya
keritik dana semenjak aplikasi data pribadi tidak aman aman dana minim pin nomer nama keluarga verivikasi wajah tolong tambahin aman kali kena hack aman minim saran dana tambah aman sandi google pin gpp hacker sulit bobol dana;2;Tidak Bisa Dipercaya
saldo hilang tidak transaksi apa akun hubung xendit transaksi provider axis tidak transaksi tidak provider axis jamin aman mudah retas mohon kembali uang;1;Tidak Bisa Dipercaya
apk ga upgrade premium sulit ktp nya baca pas upgrade gagal udah masukin data sesuai ktp nyasaran kalo ktp nya kasih fitur ulang foto biar ga susah kek ginii;1;Tidak Bisa Dipercaya
transaksi tuju milik uang hilang bayar tidak play pass tidak langgan play pass baik transaksi otomat pin uang tidak aman;1;Tidak Bisa Dipercaya
gak aplikasi suruh upgrade premium kirim data upgrade hasil uang tahan apikasi gak transfer telfon cs nya kali minggu gak hasil alas tunggu lahterus tambah ubah;1;Tidak Bisa Dipercaya
woi tidak masuk akun nomor daftar dana tidak sandi tidak lupa yah guna scan wajah laku kirim otp nomor daftar akun foto ktp scan wajah dana ribet ngalami kendala uang puluh juta dana;1;Tidak Bisa Dipercaya
dana suka hilang gajelaskomplain bilang aman sesuaitransfer gajelas siapa gapernah transfer kecuali beli pulsatiba banget suka kena transfer link spamjika komplain alas aman udah sesuai gabisa;1;Tidak Bisa Dipercaya
nomor yg premium pakai nomor ganti nomor rencana upgrade premium ikut syarat admin yg estimasi minggu gak tanganin;2;Tidak Bisa Dipercaya
aplikasi percaya bayar tagih jatuh tempo merchant merchant tidak terima pemberitahuan apa transaksi bayar hasil status pending order dana tagih bayar customer tidak jadi riwayat transaksi bukti bayar tagih urus lapor kendala bilang ahh iya dana rekening antara maaf;3;Tidak Bisa Dipercaya
pake aplikasi dana gak kirim uang kouta baca koneksi putus udh upgrade gak nyaman mah kasih bintang kalo pake wifi lancar aneh kalo pake data pribadi gak koneksi putus mulu parah mah gak enak pakai;2;Tidak Bisa Dipercaya
layan tanggung nya bagus isi saldo brizzi saldo tidak masuk bantu arah admin aktif saldo tpi aktif saldo tidak admin screenshot mutasi kartu brizzi kasih screenshot nya tunggu proses tidak proses selesai saldo tidak selesai admin ehh prosesny bosen aplikasi nya bagus cma pusat bantu tdk selesai sya;1;Tidak Bisa Dipercaya
waspada guna aplikasi danahari jumattgl okt transaksi transfer bank brisblm transaksi berita aplikasi dana pin salah dr pin tdk rubahkarna salah ulang pin tersebuttiba pmberitauankoneksi burukselah tunggu smpai koneksi membaiktdk pemberitahuan transaksi berhasilsaya kagetko saldo potong transaksi sya sda rek nama trsebut;1;Tidak Bisa Dipercaya
aplikasi mbantu pasang daya listrik apliksi tesponnya tidak calo klo apk jangkau;5;Bisa Dipercaya
gimn si min upgrade dana premium aja susah nya mudah cs nya ga chat cs udah bales orng selesai ngomong udah tinggalin trs upgrade pake sim eror;5;Bisa Dipercaya
ya tf login koneksi putus wifi bagus mohon baik dana yth nya ribet tf login pake wifi jaring bagus koneksi terputua;3;Tidak Bisa Dipercaya
gak isi pulsapaket dipaksain ya alas kendalakendala to the point aja transaksi gagalin aja alas transaksi aplikasi dana sukses cek paket kartu masuk kecewa banget jadi kaya gin jadi kaya gin sayang gak lampir foto bukti susah membuktikannnya;1;Tidak Bisa Dipercaya
izin kasih saran min ganti nomor yg premium nomor yg blokir aja nomor ilang tidak terima pesan min supa tidak terima isi saldo izin terima saldo susah nomor ilang ganti tunggu butuh nya desak baik;5;Tidak Bisa Dipercaya
koneksi putus trus min jaring kenceng nonton film lancar aja gada buffering transaksi dana slalu koneksi putus;5;Tidak Bisa Dipercaya
ni uda lgi apk dana skg saldo kurang gmna ni prtangung apk tidak kirim dn data kirim nya jga tidak kurang kayak prcumah komentar apk suka pakai apk tpi knapa tidak jelass saldo kurang transaksi bgni;4;Bisa Dipercaya
aplikasi uang tidak becus saldo tidak login saldo tidak gpp tidak login aplikasi sampah benarbenar parah aplikasi lai bagus rb duit gua hilang banget gua karyawan dana kerjasama hacker gua kirim email help dana chat masuk wa cs dana tau email cs dana memanng apliksi babiiiiiiiii download uang ga lenyap;1;Tidak Bisa Dipercaya
bayar listrik gagal duit ga ga pemberitahuan dapet surat cinta pln aneh riwayat transaksi gak bayar pas chat cs riwayat nya gak id transaksi refund susah gila;1;Tidak Bisa Dipercaya
dana milik pakai jaring wifiquata data bukti transaksi gak bagi sampe tanggal tetep gak ubah dana pakai kalo wifipakai data seluler gak gak perbaikanmaaf kecewa;2;Tidak Bisa Dipercaya
ya kalo transfer ga ganggu koneksi paket pake wifi kaga transfer aplikasi kalo bayar cicil agen dekat pungsi dana memprmudah bayar angsur apaun karna nya kendala suka macetmacet transaksi bayar cicil susah agenagen hemm tolong dana aperbaikan siatem nya;5;Bisa Dipercaya
gak premium akun udah hubung cs ga solusi ga balas jelek aplikasi nya uang situ gimana cairinnyadi premium jg ga aplikasi jelek gak guna ga kasi solusi buruk;1;Tidak Bisa Dipercaya
dana jd gak ya beli quota udah proses transaksi bank pending gak kayak transaksi bayar kalo gak ya gitu pending mulu percaya dg dana lebih bank aangat mudah bertransaki kayak bagus si orange;5;Bisa Dipercaya
min tolong atas bug sebab koneksi internet putus buka aplikasi dana internetnya setabil lancar buka aplikasi pake wifi buka aplikasi dana;4;Tidak Bisa Dipercaya
ya tarik saldo dana bisnis dana ga alas verifikasi wajah gagal tidak muncul verifikasi wajah udah komplain cs jawab template tidak bantu komplain live chat cuman suruh isi formulir sampe tetep ga;3;Tidak Bisa Dipercaya
eror ganti nomorlalu ganti deteksi aktifitas tidak transaksibahkan event dana tidak eror sia simpan saldo gak pake;2;Tidak Bisa Dipercaya
mohon bantu gak masuk dana lancar aja diupdate uninstall download tetep koneksi putus jaring bagus dipake maen ml lainlain;1;Tidak Bisa Dipercaya
aplikasi bagus tidak kirim uang teman uda premium mohon solusi aja pindah hp tidak lgi kirim uang teman mohon solusi ny;1;Tidak Bisa Dipercaya
atas tibatiba tagih google transaksi tidak langgan apaapa cek ulang kali tidak temu langgan mohon bantu pakai dana bagus kendala ketidaknyamanannya pakai dana tibatiba tagih tidak;4;Bisa Dipercaya
nyesel bgt download dana saldo juta tahan ga upgrade dana premium karna lupa daftar nomer dana premium skrg daftar nomer saldo ga upgrade saldo tahan chat cs jg susah blm selesai bicara keluh sdh tinggal pesan tolong dana sulit duit obat;2;Tidak Bisa Dipercaya
ganti akun nomor kirim link konfirmasi minggu pemrosesan tidak link konfirmasi timbun kedaluwarsa tidak pakai metode sms otp guna udah malas hubung cs ulang kali kerja lambat verifikasi guna aplikasi payah;1;Tidak Bisa Dipercaya
tolong baik ya aplikasi dana nya buka aplikasi dana pakai data enggak koneksi aplikasi nya kuota wifian biar buka aplikasi dana lancar tolong baik pakai data enggak koneksi kuota aplikasi bagus banget ya gitu ngereting aja jelek koneksi;3;Tidak Bisa Dipercaya
kasih bintang pindah akun premium ga pemberitahuannya pindah akun dah minggu tuk pindah akun cepat proses akun premium;3;Tidak Bisa Dipercaya
uang hilang gak tau dana juta langsung hilang cek riwayat transaksi gak ga top up;1;Tidak Bisa Dipercaya
dana tidak bantu nasabah lapor masalah tidak kunjung selesai tidak tanggap ngomongnya mah prioritas omong kosong doangsudah aplikasi lelet cuihh;1;Tidak Bisa Dipercaya
layan jelek bangetttt ganti nomor gak aktif sulit ampun biar ya bahaya nomor didaurulang data pikir tolong lapor mei gak gubris proses minggu lapor ulang gada progres chat ana dm instagram email mohon tunggu tidak tangan kecewa jelek;1;Tidak Bisa Dipercaya
isi tp masuk uang dana hilang potong tolong admin apa beritahukan bayar tbtb motong ga trusted;1;Tidak Bisa Dipercaya
kecewa layan bayar langgan tidak notifikasi tagih otomatis ingat konfirmasi rugi bayar langsung proses tuju langgan harap transparansi pemberitahuan kait baru langgan libat uang ketidakhadiran notifikasi tidak kurang profesionalisme;1;Tidak Bisa Dipercaya
udah kali uang hilang dana ga langgan aplikasi mana ga tau org password dana kecuali sndri aneh transaksi pasu pin emg ga dipercayaaa aplikasi dana bad skliiiiii;1;Tidak Bisa Dipercaya
bug dn tidak stabil kirim iklan gk bikin lot coba depan baik lg;1;Tidak Bisa Dipercaya
update buruk wifi lancar jaya apk belah lancar gilir isi saldo dana aj jaring erorr udh instal ulang parah ngisi nomer hp jaring erorr gbs masuk akun saran yg ngalamin yg mending uninstal aj ni apk gajelasss;1;Tidak Bisa Dipercaya
teman hati pakai aplikasi bank digitalkhusus nya danabukan orang hilang saldo nyatermasuk sayajadi pakai lagigak bikin lapor saldo hilanglebih aman pakai brimokalo hal brimobisa lapor bank bri terdekatkalo dana gak saldo;1;Tidak Bisa Dipercaya
jujur kecewa simpan tabung aplikasi dana tabung juta hilang tidak transaksi kode otp masuk pas tidak megang hp tahu jam stlh otp masuk karna buka hp complain ngirim email chat ana dana ga hasil dana tidak tanggung uang kecewa pakai aplikasi dana;1;Tidak Bisa Dipercaya
layan buruk hilang nomor dana yg ganti nomor yg pasword lupa hambat halang trus hapus akun hambat halang nomor akun halang hapus akun hak wajib yg akun udah ngantri mala ngulang main gimana layan tidak aplikasi keuanggan yg mudah proses cepat;1;Tidak Bisa Dipercaya
kesini ngeselin transaksi susah kalo ad tf an banget masuk nya banget gagal sinyal bagus pakai wifi ad susah lapor nya bikin males gx laku ni;1;Tidak Bisa Dipercaya
parah banget sih top up kartu elektronik tol kali tidak satu masuk saldo terang hasil kecewa sih pakai dana saldo potong aplikasi rusak;1;Tidak Bisa Dipercaya
tolong developer ketat bayar otomatislangganan hilang uang tibatiba bayar otomatis verifikasi menggangu rugi;3;Tidak Bisa Dipercaya
bantu saran dikit coba bayar hilang checklist asuransi yg ga biar guna tua tidak slalu colong ga butuh polis abal abal yg suka curi uang tahu lebih aplikasi dana pakai mana terima trf darimana makasih;5;Bisa Dipercaya
guys buru uninstal aplikasi duit gw tahan ga transfer alas transfer server sibuk gw chat cs nya uda nunggu antri posisi bs chat cs nama khilian eh gw ngetik menit si cs mutusin contact gw uda menit ga feedback paraaah moga bangkrut deh cepet dana nya pilih dompet digital tinggal apps guys;1;Tidak Bisa Dipercaya
saldo dana gua hanguss diatasii akun dana gua beku transaksi gua tolak alas aman udah saldo gua hangus ehh pas udah top up lagi gk dipakee hadehh gimana sih tangan nya mo bandingin tapi gopayy nan transaksi yg lambat kompensasi dana blokir akun dana guaa nyesel gua pake dana mending gopayy yg promo nya aman nya;1;Tidak Bisa Dipercaya
apk nya udah bagus bug mana masuk apk dana data seluler jaring internet terputustapi pakai wifi tolong developer dana baik bug sekian terimakasih;3;Tidak Bisa Dipercaya
kecewa kali isi ulang paket data apk masuk aneh kalo pulsa reguler baik layan guna tidak kasih;2;Tidak Bisa Dipercaya
kasih bintang transaksi token gagal saldo potong bebrapa tulis proses trs bantu cm suruh nunggu nya pesan otomatis jamin hoak hati hati aja kalo transaksi kalo pending beli token saldo ga;1;Tidak Bisa Dipercaya
update bagus jelek delay kadang notif kadang nggak ganggu harap baik aplikasi kembang;2;Tidak Bisa Dipercaya
main tidak cs manusia utk hubung hemat biaya ya bayar dilazada pakai no pin saldo langsung cut aplikasi yg bayar nya masuk no pin potong;1;Tidak Bisa Dipercaya
bagus sih cuman tidak cocok shopping war bagus daily tidak cocok war lancar cepat proses transfer langsung servernya ganggu moga depan bagus ku bintang;4;Bisa Dipercaya
asli ni aplikasi berat bangetttttt sampe relog kali kali tetep aja pikir karna sinya buka plikasi lancar aja bener bener baik ngga android friendly bgtttttt sbeenernya suka pake dana luemotnya ampun pas buka apl nya;1;Tidak Bisa Dipercaya
tidak isi saldo dana pakai kartu atm tulis yah orang transaksi tunggu menit tunggu ampe besok tetep gabisa hebat aplikasi inisaat coba aplikasi gopay pengisisn pakai kartu atm dana gabisa hebat dana hebat;1;Tidak Bisa Dipercaya
update ulang gak buka tolong baik sistem bintang maaf kasih bintang dana buka ulas dapat dana sekian terima kasih;1;Tidak Bisa Dipercaya
udah transfer saldo dana kurang transaksi gak masuk rekening tuju cek mutasi dana gak masuk parah proses cepat;3;Tidak Bisa Dipercaya
premium hubung nomor dana nya udah ga aktif kalo log in verifikasi wajah kode otp udah tau nomor dana nya udah ga;1;Tidak Bisa Dipercaya
kali pakai dana colong tahun pakai dana aman pilih dana kali saldo hilang riwayat transaksi tulis beli belanja tidak transaksi tsb bagaimama lolos sistem verifikasi transaksi hasil butuh verifikasi wajah pin sidik jari komplain cs jawabannga tidak puas;1;Tidak Bisa Dipercaya
oke moga apk dana lagi sudah update versi baru kok tidak internet ya data tidak pakai nya internet putus kalo netring teman buka transaksi malu maluin aja;5;Tidak Bisa Dipercaya
kak hp pecah tidak buka apk dana dwonload apk dana hp satu mendaftarkanya gak transaksi transaksi henti tolong sara kak;3;Tidak Bisa Dipercaya
buka apk nya muncul koneksi putus jaring stabil normal banyak tidak buka pake jringan sendiriklo pake wifi orang buka;5;Tidak Bisa Dipercaya
dana burukk bug transfer tidak karna koneksi tidak mulu jaring udh restart hp msih aja;1;Tidak Bisa Dipercaya
aplikasi kocak upgrade akun aja susah bener blok chat admin aja ngantri gilir udah dapet antri eh bot chat suruh lg antri emang bener dah indo kalo bikin aplikasi gapernah yg bener;1;Tidak Bisa Dipercaya
tolong login jaring putus kuota sinyal bagus jaring putus ga login dana tolong ya benerin bikin emosi trus udah berpa hapus instal kaya gitu ya ganggu gimana;1;Tidak Bisa Dipercaya
dana kurang dana tidak konfirmasi dana potong tuju tolong baik ya guna pin bayar kendali bikin otomatis;3;Tidak Bisa Dipercaya